{
  "Data": [
    {
      "RequestHeaderId": 1,
      "Status": "open",
      "IsActive": true,
      "FilePath": "c:/Users/pll925481/Documents/Nat/myexcel.xlsx",
      "FileName": "myexcel",
      "CreatedBy": "Sneha B",
      "CreatedOn": "3-9-2023"
    },
    {
      "RequestHeaderId": 2,
      "Status": "open",
      "IsActive": true,
      "FilePath": "c:/Users/pll925481/Documents/Nat/a.xlsx",
      "FileName": "Model Mart_Development Plan(1)",
      "CreatedBy": "Vijaya Patil",
      "CreatedOn": "4-9-2023"
    },
    {
      "RequestHeaderId": 3,
      "Status": "open",
      "IsActive": true,
      "FilePath": "c:/Users/pll925481/Documents/Nat/b.xlsx",
      "FileName": "Model Mart_Development Plan(1)",
      "CreatedBy": "Priyanka Lendave",
      "CreatedOn": "6-9-2023"
    },
    {
      "RequestHeaderId": 4,
      "Status": "open",
      "IsActive": true,
      "FilePath": "c:/Users/pll925481/Documents/Nat/c.xlsx",
      "FileName": "Model Mart_Development Plan(1)",
      "CreatedBy": "Pradnya K",
      "CreatedOn": "8-4-2023"
    }
  ]
}